{
  "annotations": {
    "list": [
      {
        "builtIn": 1,
        "datasource": "-- Grafana --",
        "enable": true,
        "hide": true,
        "iconColor": "rgba(0, 211, 255, 1)",
        "name": "Annotations & Alerts",
        "type": "dashboard"
      }
    ]
  },
  "description": "A simple overview of the most important Docker host and container metrics. (cAdvisor/Prometheus)",
  "editable": true,
  "gnetId": 395,
  "graphTooltip": 1,
  "id": 2,
  "iteration": 1574808399911,
  "links": [],
  "panels": [
    {
      "cacheTimeout": null,
      "datasource": "Prometheus",
      "gridPos": {
        "h": 5,
        "w": 7,
        "x": 0,
        "y": 0
      },
      "id": 19,
      "links": [],
      "options": {
        "fieldOptions": {
          "calcs": [
            "mean"
          ],
          "defaults": {
            "mappings": [
              {
                "id": 0,
                "op": "=",
                "text": "N/A",
                "type": 1,
                "value": "null"
              }
            ],
            "max": 100,
            "min": 0,
            "nullValueMode": "connected",
            "thresholds": [
              {
                "color": "green",
                "value": null
              }
            ],
            "unit": "decbytes"
          },
          "override": {},
          "values": false
        },
        "orientation": "horizontal",
        "showThresholdLabels": false,
        "showThresholdMarkers": true
      },
      "pluginVersion": "6.4.4",
      "targets": [
        {
          "expr": "sum(rate(container_network_receive_bytes_total{id=\"/\"}[$interval])) by (id)",
          "format": "time_series",
          "intervalFactor": 2,
          "legendFormat": "RECEIVED",
          "refId": "A",
          "step": 4
        },
        {
          "expr": "sum(rate(container_network_transmit_bytes_total{id=\"/\"}[$interval])) by (id)",
          "hide": false,
          "intervalFactor": 2,
          "legendFormat": "SENT",
          "refId": "B",
          "step": 4
        }
      ],
      "timeFrom": null,
      "timeShift": null,
      "title": "Network Traffic on Node",
      "type": "gauge"
    },
    {
      "cacheTimeout": null,
      "datasource": "Prometheus",
      "gridPos": {
        "h": 5,
        "w": 5,
        "x": 7,
        "y": 0
      },
      "id": 5,
      "links": [],
      "options": {
        "displayMode": "lcd",
        "fieldOptions": {
          "calcs": [
            "mean"
          ],
          "defaults": {
            "mappings": [
              {
                "id": 0,
                "op": "=",
                "text": "N/A",
                "type": 1,
                "value": "null"
              }
            ],
            "max": 100,
            "min": 0,
            "nullValueMode": "connected",
            "thresholds": [
              {
                "color": "green",
                "value": null
              },
              {
                "color": "red",
                "value": 80
              }
            ],
            "unit": "none"
          },
          "override": {},
          "values": false
        },
        "orientation": "horizontal"
      },
      "pluginVersion": "6.4.4",
      "targets": [
        {
          "expr": "sum(rate(container_cpu_system_seconds_total[1m]))",
          "hide": true,
          "intervalFactor": 2,
          "legendFormat": "a",
          "refId": "B",
          "step": 120
        },
        {
          "expr": "sum(rate(container_cpu_system_seconds_total{name=~\".+\"}[1m]))",
          "hide": true,
          "interval": "",
          "intervalFactor": 2,
          "legendFormat": "nur container",
          "refId": "F",
          "step": 10
        },
        {
          "expr": "sum(rate(container_cpu_system_seconds_total{id=\"/\"}[1m]))",
          "hide": true,
          "interval": "",
          "intervalFactor": 2,
          "legendFormat": "nur docker host",
          "metric": "",
          "refId": "A",
          "step": 20
        },
        {
          "expr": "sum(rate(process_cpu_seconds_total[$interval])) * 100",
          "hide": false,
          "interval": "",
          "intervalFactor": 2,
          "legendFormat": "host",
          "metric": "",
          "refId": "C",
          "step": 4
        },
        {
          "expr": "sum(rate(container_cpu_system_seconds_total{name=~\".+\"}[1m])) + sum(rate(container_cpu_system_seconds_total{id=\"/\"}[1m])) + sum(rate(process_cpu_seconds_total[1m]))",
          "hide": true,
          "intervalFactor": 2,
          "legendFormat": "",
          "refId": "D",
          "step": 120
        }
      ],
      "timeFrom": null,
      "timeShift": null,
      "title": "CPU Usage on Node",
      "type": "bargauge"
    },
    {
      "cacheTimeout": null,
      "datasource": "Prometheus",
      "gridPos": {
        "h": 5,
        "w": 5,
        "x": 12,
        "y": 0
      },
      "id": 7,
      "links": [],
      "options": {
        "fieldOptions": {
          "calcs": [
            "mean"
          ],
          "defaults": {
            "mappings": [
              {
                "id": 0,
                "op": "=",
                "text": "N/A",
                "type": 1,
                "value": "null"
              }
            ],
            "max": 100,
            "min": 0,
            "nullValueMode": "connected",
            "thresholds": [
              {
                "color": "green",
                "value": null
              },
              {
                "color": "#EAB839",
                "value": 50
              },
              {
                "color": "red",
                "value": 87.5
              }
            ],
            "unit": "none"
          },
          "override": {},
          "values": false
        },
        "orientation": "horizontal",
        "showThresholdLabels": false,
        "showThresholdMarkers": true
      },
      "pluginVersion": "6.4.4",
      "targets": [
        {
          "expr": "count(rate(container_last_seen{name=~\".+\",container_group=\"\"}[$interval]))",
          "intervalFactor": 2,
          "legendFormat": "Monitoring",
          "metric": "container_last_seen",
          "refId": "A",
          "step": 4
        }
      ],
      "timeFrom": null,
      "timeShift": null,
      "title": "Running Containers (by Container Group)",
      "type": "gauge"
    },
    {
      "aliasColors": {
        "Belegete Festplatte": "#BF1B00",
        "Free Disk Space": "#7EB26D",
        "Used Disk Space": "#BF1B00",
        "{}": "#BF1B00"
      },
      "bars": false,
      "dashLength": 10,
      "dashes": false,
      "datasource": "Prometheus",
      "editable": true,
      "error": false,
      "fill": 4,
      "fillGradient": 0,
      "grid": {},
      "gridPos": {
        "h": 5,
        "w": 7,
        "x": 17,
        "y": 0
      },
      "id": 13,
      "isNew": true,
      "legend": {
        "avg": false,
        "current": false,
        "max": false,
        "min": false,
        "show": false,
        "total": false,
        "values": false
      },
      "lines": true,
      "linewidth": 3,
      "links": [],
      "nullPointMode": "null as zero",
      "options": {
        "dataLinks": []
      },
      "percentage": false,
      "pointradius": 5,
      "points": false,
      "renderer": "flot",
      "seriesOverrides": [],
      "spaceLength": 10,
      "stack": true,
      "steppedLine": false,
      "targets": [
        {
          "expr": "max(node_filesystem_free_bytes{fstype=\"ext4\"})",
          "hide": false,
          "intervalFactor": 2,
          "legendFormat": "Free Disk Space",
          "refId": "A",
          "step": 4
        },
        {
          "expr": "max(node_filesystem_size_bytes{fstype=\"ext4\"} - node_filesystem_free_bytes{fstype=\"ext4\"})",
          "format": "time_series",
          "hide": false,
          "intervalFactor": 2,
          "legendFormat": "Used Disk Space",
          "refId": "B",
          "step": 4
        }
      ],
      "thresholds": [],
      "timeFrom": null,
      "timeRegions": [],
      "timeShift": null,
      "title": "Free and Used Disk Space on Node",
      "tooltip": {
        "msResolution": true,
        "shared": true,
        "sort": 0,
        "value_type": "individual"
      },
      "type": "graph",
      "xaxis": {
        "buckets": null,
        "mode": "time",
        "name": null,
        "show": false,
        "values": []
      },
      "yaxes": [
        {
          "format": "bytes",
          "label": "",
          "logBase": 1,
          "max": null,
          "min": 0,
          "show": true
        },
        {
          "format": "short",
          "label": null,
          "logBase": 1,
          "max": null,
          "min": null,
          "show": false
        }
      ],
      "yaxis": {
        "align": false,
        "alignLevel": null
      }
    },
    {
      "aliasColors": {},
      "bars": false,
      "dashLength": 10,
      "dashes": false,
      "datasource": "Prometheus",
      "editable": true,
      "error": false,
      "fill": 5,
      "fillGradient": 0,
      "grid": {},
      "gridPos": {
        "h": 8,
        "w": 12,
        "x": 0,
        "y": 5
      },
      "id": 1,
      "isNew": true,
      "legend": {
        "avg": false,
        "current": false,
        "max": false,
        "min": false,
        "show": true,
        "total": false,
        "values": false
      },
      "lines": true,
      "linewidth": 1,
      "links": [],
      "nullPointMode": "null as zero",
      "options": {
        "dataLinks": []
      },
      "percentage": false,
      "pointradius": 5,
      "points": false,
      "renderer": "flot",
      "seriesOverrides": [],
      "spaceLength": 10,
      "stack": true,
      "steppedLine": false,
      "targets": [
        {
          "expr": "sum(rate(container_cpu_usage_seconds_total{name=~\".+\"}[$interval])) by (name) * 100",
          "hide": false,
          "interval": "",
          "intervalFactor": 2,
          "legendFormat": "{{name}}",
          "metric": "container_cp",
          "refId": "F",
          "step": 2
        }
      ],
      "thresholds": [],
      "timeFrom": null,
      "timeRegions": [],
      "timeShift": null,
      "title": "CPU Usage per Container (Stacked)",
      "tooltip": {
        "msResolution": true,
        "shared": true,
        "sort": 0,
        "value_type": "individual"
      },
      "type": "graph",
      "xaxis": {
        "buckets": null,
        "mode": "time",
        "name": null,
        "show": true,
        "values": []
      },
      "yaxes": [
        {
          "format": "percent",
          "label": "",
          "logBase": 1,
          "max": null,
          "show": true
        },
        {
          "format": "short",
          "label": null,
          "logBase": 1,
          "max": null,
          "min": null,
          "show": false
        }
      ],
      "yaxis": {
        "align": false,
        "alignLevel": null
      }
    },
    {
      "aliasColors": {
        "Available Memory": "#7EB26D",
        "Unavailable Memory": "#BF1B00"
      },
      "bars": false,
      "dashLength": 10,
      "dashes": false,
      "datasource": "Prometheus",
      "editable": true,
      "error": false,
      "fill": 4,
      "fillGradient": 0,
      "grid": {},
      "gridPos": {
        "h": 7,
        "w": 12,
        "x": 12,
        "y": 5
      },
      "id": 20,
      "isNew": true,
      "legend": {
        "avg": false,
        "current": false,
        "max": false,
        "min": false,
        "show": false,
        "total": false,
        "values": false
      },
      "lines": true,
      "linewidth": 3,
      "links": [],
      "nullPointMode": "null as zero",
      "options": {
        "dataLinks": []
      },
      "percentage": false,
      "pointradius": 5,
      "points": false,
      "renderer": "flot",
      "seriesOverrides": [],
      "spaceLength": 10,
      "stack": true,
      "steppedLine": false,
      "targets": [
        {
          "expr": "container_memory_rss{name=~\".+\"}",
          "hide": true,
          "intervalFactor": 2,
          "legendFormat": "{{__name__}}",
          "refId": "D",
          "step": 30
        },
        {
          "expr": "sum(container_memory_rss{name=~\".+\"})",
          "hide": false,
          "intervalFactor": 2,
          "legendFormat": "{{__name__}}",
          "refId": "A",
          "step": 20
        },
        {
          "expr": "container_memory_usage_bytes{name=~\".+\"}",
          "hide": false,
          "intervalFactor": 2,
          "legendFormat": "{{name}}",
          "refId": "B",
          "step": 20
        },
        {
          "expr": "container_memory_rss{id=\"/\"}",
          "hide": false,
          "intervalFactor": 2,
          "legendFormat": "{{__name__}}",
          "refId": "C",
          "step": 30
        },
        {
          "expr": "sum(container_memory_rss)",
          "hide": false,
          "intervalFactor": 2,
          "legendFormat": "{{__name__}}",
          "refId": "E",
          "step": 30
        },
        {
          "expr": "node_memory_Buffers",
          "hide": true,
          "intervalFactor": 2,
          "legendFormat": "node_memory_Dirty",
          "refId": "N",
          "step": 30
        },
        {
          "expr": "node_memory_MemFree",
          "hide": true,
          "intervalFactor": 2,
          "legendFormat": "{{__name__}}",
          "refId": "F",
          "step": 30
        },
        {
          "expr": "node_memory_MemAvailable",
          "hide": true,
          "intervalFactor": 2,
          "legendFormat": "Available Memory",
          "refId": "H",
          "step": 4
        },
        {
          "expr": "node_memory_MemTotal_bytese",
          "hide": true,
          "intervalFactor": 2,
          "legendFormat": "Unavailable Memory",
          "refId": "G",
          "step": 4
        },
        {
          "expr": "node_memory_Inactive",
          "hide": true,
          "intervalFactor": 2,
          "legendFormat": "{{__name__}}",
          "refId": "I",
          "step": 30
        },
        {
          "expr": "node_memory_KernelStack",
          "hide": true,
          "intervalFactor": 2,
          "legendFormat": "{{__name__}}",
          "refId": "J",
          "step": 30
        },
        {
          "expr": "node_memory_Active",
          "hide": true,
          "intervalFactor": 2,
          "legendFormat": "{{__name__}}",
          "refId": "K",
          "step": 30
        },
        {
          "expr": "node_memory_MemTotal - (node_memory_Active + node_memory_MemFree + node_memory_Inactive)",
          "hide": true,
          "intervalFactor": 2,
          "legendFormat": "Unknown",
          "refId": "L",
          "step": 40
        },
        {
          "expr": "node_memory_MemFree + node_memory_Inactive ",
          "hide": true,
          "intervalFactor": 2,
          "legendFormat": "{{__name__}}",
          "refId": "M",
          "step": 30
        },
        {
          "expr": "container_memory_rss{name=~\".+\"}",
          "hide": true,
          "intervalFactor": 2,
          "legendFormat": "{{__name__}}",
          "refId": "O",
          "step": 30
        },
        {
          "expr": "node_memory_Inactive + node_memory_MemFree + node_memory_MemAvailable",
          "hide": true,
          "intervalFactor": 2,
          "legendFormat": "",
          "refId": "P",
          "step": 40
        }
      ],
      "thresholds": [],
      "timeFrom": null,
      "timeRegions": [],
      "timeShift": null,
      "title": "Available Memory on Node",
      "tooltip": {
        "msResolution": true,
        "shared": true,
        "sort": 0,
        "value_type": "individual"
      },
      "type": "graph",
      "xaxis": {
        "buckets": null,
        "mode": "time",
        "name": null,
        "show": false,
        "values": []
      },
      "yaxes": [
        {
          "format": "bytes",
          "label": "",
          "logBase": 1,
          "max": 4200000000,
          "min": 0,
          "show": true
        },
        {
          "format": "short",
          "label": null,
          "logBase": 1,
          "max": null,
          "min": null,
          "show": false
        }
      ],
      "yaxis": {
        "align": false,
        "alignLevel": null
      }
    },
    {
      "aliasColors": {
        "node_load15": "#CCA300"
      },
      "bars": false,
      "dashLength": 10,
      "dashes": false,
      "datasource": "Prometheus",
      "editable": true,
      "error": false,
      "fill": 0,
      "fillGradient": 0,
      "grid": {},
      "gridPos": {
        "h": 7,
        "w": 12,
        "x": 12,
        "y": 12
      },
      "id": 4,
      "isNew": true,
      "legend": {
        "avg": false,
        "current": true,
        "max": false,
        "min": false,
        "show": true,
        "total": false,
        "values": true
      },
      "lines": true,
      "linewidth": 2,
      "links": [],
      "nullPointMode": "null as zero",
      "options": {
        "dataLinks": []
      },
      "percentage": false,
      "pointradius": 5,
      "points": false,
      "renderer": "flot",
      "seriesOverrides": [],
      "spaceLength": 10,
      "stack": false,
      "steppedLine": false,
      "targets": [
        {
          "expr": "{__name__=~\"^node_load.*\"}",
          "intervalFactor": 2,
          "legendFormat": "{{__name__}}",
          "metric": "node",
          "refId": "A",
          "step": 2
        }
      ],
      "thresholds": [],
      "timeFrom": null,
      "timeRegions": [],
      "timeShift": null,
      "title": "System Load on Node",
      "tooltip": {
        "msResolution": true,
        "shared": true,
        "sort": 0,
        "value_type": "cumulative"
      },
      "type": "graph",
      "xaxis": {
        "buckets": null,
        "mode": "time",
        "name": null,
        "show": true,
        "values": []
      },
      "yaxes": [
        {
          "format": "short",
          "label": null,
          "logBase": 1,
          "max": null,
          "min": null,
          "show": true
        },
        {
          "format": "short",
          "label": null,
          "logBase": 1,
          "max": null,
          "min": null,
          "show": true
        }
      ],
      "yaxis": {
        "align": false,
        "alignLevel": null
      }
    },
    {
      "aliasColors": {},
      "bars": false,
      "dashLength": 10,
      "dashes": false,
      "datasource": "Prometheus",
      "editable": true,
      "error": false,
      "fill": 1,
      "fillGradient": 0,
      "grid": {},
      "gridPos": {
        "h": 6,
        "w": 12,
        "x": 0,
        "y": 13
      },
      "id": 9,
      "isNew": true,
      "legend": {
        "avg": false,
        "current": false,
        "hideEmpty": false,
        "hideZero": false,
        "max": false,
        "min": false,
        "show": true,
        "total": false,
        "values": false
      },
      "lines": true,
      "linewidth": 2,
      "links": [],
      "nullPointMode": "null as zero",
      "options": {
        "dataLinks": []
      },
      "percentage": false,
      "pointradius": 5,
      "points": false,
      "renderer": "flot",
      "seriesOverrides": [],
      "spaceLength": 10,
      "stack": false,
      "steppedLine": false,
      "targets": [
        {
          "expr": "sum(rate(container_network_transmit_bytes_total{name=~\".+\"}[$interval])) by (name)",
          "intervalFactor": 2,
          "legendFormat": "{{name}}",
          "refId": "A",
          "step": 2
        },
        {
          "expr": "rate(container_network_transmit_bytes_total{id=\"/\"}[$interval])",
          "hide": true,
          "intervalFactor": 2,
          "legendFormat": "",
          "refId": "B",
          "step": 10
        }
      ],
      "thresholds": [],
      "timeFrom": null,
      "timeRegions": [],
      "timeShift": null,
      "title": "Sent Network Traffic per Container",
      "tooltip": {
        "msResolution": true,
        "shared": true,
        "sort": 0,
        "value_type": "cumulative"
      },
      "type": "graph",
      "xaxis": {
        "buckets": null,
        "mode": "time",
        "name": null,
        "show": true,
        "values": []
      },
      "yaxes": [
        {
          "format": "Bps",
          "label": "",
          "logBase": 1,
          "max": null,
          "min": null,
          "show": true
        },
        {
          "format": "short",
          "label": "",
          "logBase": 10,
          "max": 8,
          "min": 0,
          "show": false
        }
      ],
      "yaxis": {
        "align": false,
        "alignLevel": null
      }
    },
    {
      "aliasColors": {},
      "bars": false,
      "dashLength": 10,
      "dashes": false,
      "datasource": "Prometheus",
      "editable": true,
      "error": false,
      "fill": 1,
      "fillGradient": 0,
      "grid": {},
      "gridPos": {
        "h": 6,
        "w": 12,
        "x": 0,
        "y": 19
      },
      "id": 8,
      "isNew": true,
      "legend": {
        "avg": false,
        "current": false,
        "max": false,
        "min": false,
        "show": true,
        "total": false,
        "values": false
      },
      "lines": true,
      "linewidth": 2,
      "links": [],
      "nullPointMode": "null as zero",
      "options": {
        "dataLinks": []
      },
      "percentage": false,
      "pointradius": 5,
      "points": false,
      "renderer": "flot",
      "seriesOverrides": [],
      "spaceLength": 10,
      "stack": false,
      "steppedLine": false,
      "targets": [
        {
          "expr": "sum(rate(container_network_receive_bytes_total{name=~\".+\"}[$interval])) by (name)",
          "intervalFactor": 2,
          "legendFormat": "{{name}}",
          "refId": "A",
          "step": 2
        },
        {
          "expr": "- rate(container_network_transmit_bytes_total{name=~\".+\"}[$interval])",
          "hide": true,
          "intervalFactor": 2,
          "legendFormat": "{{name}}",
          "refId": "B",
          "step": 10
        }
      ],
      "thresholds": [],
      "timeFrom": null,
      "timeRegions": [],
      "timeShift": null,
      "title": "Received Network Traffic per Container",
      "tooltip": {
        "msResolution": true,
        "shared": true,
        "sort": 0,
        "value_type": "cumulative"
      },
      "type": "graph",
      "xaxis": {
        "buckets": null,
        "mode": "time",
        "name": null,
        "show": true,
        "values": []
      },
      "yaxes": [
        {
          "format": "Bps",
          "label": null,
          "logBase": 1,
          "max": null,
          "min": null,
          "show": true
        },
        {
          "format": "short",
          "label": null,
          "logBase": 1,
          "max": null,
          "min": null,
          "show": true
        }
      ],
      "yaxis": {
        "align": false,
        "alignLevel": null
      }
    },
    {
      "aliasColors": {},
      "bars": false,
      "dashLength": 10,
      "dashes": false,
      "datasource": "Prometheus",
      "editable": true,
      "error": false,
      "fill": 3,
      "fillGradient": 0,
      "grid": {},
      "gridPos": {
        "h": 6,
        "w": 12,
        "x": 12,
        "y": 19
      },
      "id": 10,
      "isNew": true,
      "legend": {
        "avg": false,
        "current": false,
        "max": false,
        "min": false,
        "show": true,
        "total": false,
        "values": false
      },
      "lines": true,
      "linewidth": 2,
      "links": [],
      "nullPointMode": "null as zero",
      "options": {
        "dataLinks": []
      },
      "percentage": false,
      "pointradius": 5,
      "points": false,
      "renderer": "flot",
      "seriesOverrides": [],
      "spaceLength": 10,
      "stack": true,
      "steppedLine": false,
      "targets": [
        {
          "expr": "sum(container_memory_rss{name=~\".+\"}) by (name)",
          "hide": false,
          "intervalFactor": 2,
          "legendFormat": "{{name}}",
          "refId": "A",
          "step": 2
        },
        {
          "expr": "container_memory_usage_bytes{name=~\".+\"}",
          "hide": true,
          "intervalFactor": 2,
          "legendFormat": "{{name}}",
          "refId": "B",
          "step": 240
        }
      ],
      "thresholds": [],
      "timeFrom": null,
      "timeRegions": [],
      "timeShift": null,
      "title": "Memory Usage per Container (Stacked)",
      "tooltip": {
        "msResolution": true,
        "shared": true,
        "sort": 0,
        "value_type": "individual"
      },
      "type": "graph",
      "xaxis": {
        "buckets": null,
        "mode": "time",
        "name": null,
        "show": true,
        "values": []
      },
      "yaxes": [
        {
          "format": "bytes",
          "label": "",
          "logBase": 1,
          "max": null,
          "min": null,
          "show": true
        },
        {
          "format": "short",
          "label": null,
          "logBase": 1,
          "max": null,
          "min": null,
          "show": true
        }
      ],
      "yaxis": {
        "align": false,
        "alignLevel": null
      }
    },
    {
      "columns": [
        {
          "text": "Avg",
          "value": "avg"
        }
      ],
      "datasource": "Prometheus",
      "editable": true,
      "error": false,
      "fontSize": "100%",
      "gridPos": {
        "h": 7,
        "w": 12,
        "x": 0,
        "y": 25
      },
      "hideTimeOverride": false,
      "id": 18,
      "isNew": true,
      "links": [],
      "options": {},
      "pageSize": 100,
      "scroll": true,
      "showHeader": true,
      "sort": {
        "col": 0,
        "desc": true
      },
      "styles": [
        {
          "dateFormat": "YYYY-MM-DD HH:mm:ss",
          "pattern": "Time",
          "type": "date"
        },
        {
          "colorMode": null,
          "colors": [
            "rgba(245, 54, 54, 0.9)",
            "rgba(237, 129, 40, 0.89)",
            "rgba(50, 172, 45, 0.97)"
          ],
          "decimals": 2,
          "pattern": "/.*/",
          "thresholds": [],
          "type": "number",
          "unit": "short"
        }
      ],
      "targets": [
        {
          "expr": "cadvisor_version_info",
          "intervalFactor": 2,
          "legendFormat": "cAdvisor Version: {{cadvisorVersion}}",
          "refId": "A",
          "step": 2
        },
        {
          "expr": "prometheus_build_info",
          "intervalFactor": 2,
          "legendFormat": "Prometheus Version: {{version}}",
          "refId": "B",
          "step": 2
        },
        {
          "expr": "node_exporter_build_info",
          "intervalFactor": 2,
          "legendFormat": "Node-Exporter Version: {{version}}",
          "refId": "C",
          "step": 2
        },
        {
          "expr": "cadvisor_version_info",
          "intervalFactor": 2,
          "legendFormat": "Docker Version: {{dockerVersion}}",
          "refId": "D",
          "step": 2
        },
        {
          "expr": "cadvisor_version_info",
          "intervalFactor": 2,
          "legendFormat": "Host OS Version: {{osVersion}}",
          "refId": "E",
          "step": 2
        },
        {
          "expr": "cadvisor_version_info",
          "intervalFactor": 2,
          "legendFormat": "Host Kernel Version: {{kernelVersion}}",
          "refId": "F",
          "step": 2
        }
      ],
      "timeFrom": null,
      "timeShift": null,
      "title": "",
      "transform": "timeseries_aggregations",
      "type": "table"
    },
    {
      "aliasColors": {},
      "bars": false,
      "dashLength": 10,
      "dashes": false,
      "datasource": "Prometheus",
      "editable": true,
      "error": false,
      "fill": 3,
      "fillGradient": 0,
      "grid": {},
      "gridPos": {
        "h": 6,
        "w": 12,
        "x": 12,
        "y": 25
      },
      "id": 11,
      "isNew": true,
      "legend": {
        "avg": false,
        "current": false,
        "max": false,
        "min": false,
        "show": true,
        "total": false,
        "values": false
      },
      "lines": true,
      "linewidth": 2,
      "links": [],
      "nullPointMode": "null as zero",
      "options": {
        "dataLinks": []
      },
      "percentage": false,
      "pointradius": 5,
      "points": false,
      "renderer": "flot",
      "seriesOverrides": [],
      "spaceLength": 10,
      "stack": true,
      "steppedLine": false,
      "targets": [
        {
          "expr": "container_memory_rss{name=~\".+\"}",
          "hide": true,
          "intervalFactor": 2,
          "legendFormat": "{{name}}",
          "refId": "A",
          "step": 20
        },
        {
          "expr": "container_memory_usage_bytes{name=~\".+\"}",
          "hide": true,
          "intervalFactor": 2,
          "legendFormat": "{{name}}",
          "refId": "B",
          "step": 20
        },
        {
          "expr": "sum(container_memory_cache{name=~\".+\"}) by (name)",
          "hide": false,
          "intervalFactor": 2,
          "legendFormat": "{{name}}",
          "refId": "C",
          "step": 2
        }
      ],
      "thresholds": [],
      "timeFrom": null,
      "timeRegions": [],
      "timeShift": null,
      "title": "Cached Memory per Container (Stacked)",
      "tooltip": {
        "msResolution": true,
        "shared": true,
        "sort": 0,
        "value_type": "individual"
      },
      "type": "graph",
      "xaxis": {
        "buckets": null,
        "mode": "time",
        "name": null,
        "show": true,
        "values": []
      },
      "yaxes": [
        {
          "format": "bytes",
          "label": null,
          "logBase": 1,
          "max": null,
          "min": null,
          "show": true
        },
        {
          "format": "short",
          "label": null,
          "logBase": 1,
          "max": null,
          "min": null,
          "show": false
        }
      ],
      "yaxis": {
        "align": false,
        "alignLevel": null
      }
    }
  ],
  "refresh": "10s",
  "schemaVersion": 20,
  "style": "dark",
  "tags": [],
  "templating": {
    "list": [
      {
        "allValue": ".+",
        "current": {
          "text": "All",
          "value": "$__all"
        },
        "datasource": "Prometheus",
        "definition": "",
        "hide": 0,
        "includeAll": true,
        "label": "Container Group",
        "multi": true,
        "name": "containergroup",
        "options": [],
        "query": "label_values(container_group)",
        "refresh": 1,
        "regex": "",
        "skipUrlSync": false,
        "sort": 0,
        "tagValuesQuery": "",
        "tags": [],
        "tagsQuery": "",
        "type": "query",
        "useTags": false
      },
      {
        "auto": true,
        "auto_count": 50,
        "auto_min": "50s",
        "current": {
          "text": "auto",
          "value": "$__auto_interval_interval"
        },
        "datasource": null,
        "hide": 0,
        "includeAll": false,
        "label": "Interval",
        "multi": false,
        "name": "interval",
        "options": [
          {
            "selected": true,
            "text": "auto",
            "value": "$__auto_interval_interval"
          },
          {
            "selected": false,
            "text": "30s",
            "value": "30s"
          },
          {
            "selected": false,
            "text": "1m",
            "value": "1m"
          },
          {
            "selected": false,
            "text": "2m",
            "value": "2m"
          },
          {
            "selected": false,
            "text": "3m",
            "value": "3m"
          },
          {
            "selected": false,
            "text": "5m",
            "value": "5m"
          },
          {
            "selected": false,
            "text": "7m",
            "value": "7m"
          },
          {
            "selected": false,
            "text": "10m",
            "value": "10m"
          },
          {
            "selected": false,
            "text": "30m",
            "value": "30m"
          },
          {
            "selected": false,
            "text": "1h",
            "value": "1h"
          },
          {
            "selected": false,
            "text": "6h",
            "value": "6h"
          },
          {
            "selected": false,
            "text": "12h",
            "value": "12h"
          },
          {
            "selected": false,
            "text": "1d",
            "value": "1d"
          },
          {
            "selected": false,
            "text": "7d",
            "value": "7d"
          },
          {
            "selected": false,
            "text": "14d",
            "value": "14d"
          },
          {
            "selected": false,
            "text": "30d",
            "value": "30d"
          }
        ],
        "query": "30s,1m,2m,3m,5m,7m,10m,30m,1h,6h,12h,1d,7d,14d,30d",
        "refresh": 2,
        "skipUrlSync": false,
        "type": "interval"
      }
    ]
  },
  "time": {
    "from": "now-5m",
    "to": "now"
  },
  "timepicker": {
    "refresh_intervals": [
      "5s",
      "10s",
      "30s",
      "1m",
      "5m",
      "15m",
      "30m",
      "1h",
      "2h",
      "1d"
    ],
    "time_options": [
      "5m",
      "15m",
      "1h",
      "6h",
      "12h",
      "24h",
      "2d",
      "7d",
      "30d"
    ]
  },
  "timezone": "browser",
  "title": "Docker Host & Container Overview",
  "uid": "n-zRWYxZk",
  "version": 13
}
